id,first_name,last_name,email,gender,ip_address
1,Joseito,Barrass,jbarrass0@google.es,Male,250.117.24.87
2,Kara,Whiteman,kwhiteman1@dropbox.com,Female,120.178.224.61
3,Emalia,Donizeau,edonizeau2@ebay.com,Female,35.29.33.76
4,Stacee,Perch,sperch3@stanford.edu,Female,246.157.33.115
5,Howard,Marginson,hmarginson4@multiply.com,Male,67.73.24.124
6,Hephzibah,Crickmore,hcrickmore5@networksolutions.com,Male,55.234.154.207
7,Dasya,Macquire,dmacquire6@state.tx.us,Male,233.151.223.105
8,Honor,Aitken,haitken7@sohu.com,Male,84.109.10.79
9,Briny,Du Plantier,bduplantier8@washington.edu,Agender,158.87.168.108
10,Tabbitha,Pervoe,tpervoe9@webs.com,Male,210.178.175.214
11,Verla,Seivwright,vseivwrighta@oracle.com,Male,45.158.232.158
12,Jania,Abbatt,jabbattb@cmu.edu,Female,220.129.81.46
13,Gunter,Iacoviello,giacovielloc@discovery.com,Female,194.87.8.155
14,Putnem,Piff,ppiffd@deviantart.com,Male,69.96.42.12
15,Evania,Daveridge,edaveridgee@ning.com,Male,152.126.114.188
16,Ruddie,McQuaid,rmcquaidf@tamu.edu,Female,42.107.235.154
17,Granger,Frotton,gfrottong@ed.gov,Male,175.76.159.217
18,Sherwin,O' Donohoe,sodonohoeh@salon.com,Bigender,77.191.111.85
19,Carolyne,Gladwell,cgladwelli@mit.edu,Genderfluid,223.63.27.71
20,Lianne,Kedie,lkediej@sphinn.com,Male,102.234.209.205
21,Alphonse,Bilbery,abilberyk@businesswire.com,Female,120.29.75.141
22,Henrieta,Dallosso,hdallossol@wp.com,Polygender,252.91.98.113
23,Chelsey,Hake,chakem@infoseek.co.jp,Female,57.25.146.114
24,Renato,Daubney,rdaubneyn@auda.org.au,Female,100.251.128.185
25,Horacio,Brizland,hbrizlando@mail.ru,Female,131.123.185.29
26,Anabelle,Dillicate,adillicatep@whitehouse.gov,Male,219.117.4.212
27,Kristian,Hallor,khallorq@soup.io,Female,53.97.180.146
28,Franny,Hein,fheinr@stumbleupon.com,Female,41.38.196.30
29,Dyanna,Liddiatt,dliddiatts@dailymotion.com,Agender,188.52.99.149
30,Tannie,Shipway,tshipwayt@ovh.net,Female,197.97.225.244
31,Anastasia,Ricca,ariccau@dailymotion.com,Female,33.98.207.76
32,Yance,Graveney,ygraveneyv@last.fm,Male,190.242.71.91
33,Dorian,Weich,dweichw@etsy.com,Female,6.52.102.245
34,Paolo,Gooke,pgookex@usatoday.com,Female,228.177.11.52
35,Hilarius,Plumbridge,hplumbridgey@odnoklassniki.ru,Female,118.30.95.7
36,Emma,Crennan,ecrennanz@answers.com,Non-binary,236.201.75.180
37,Latisha,Boothe,lboothe10@webs.com,Female,203.219.161.181
38,Ros,Hinkley,rhinkley11@mlb.com,Female,91.48.119.3
39,Jdavie,Hatzar,jhatzar12@opera.com,Male,208.91.234.136
40,Penny,Slany,pslany13@themeforest.net,Male,145.245.28.178
41,Kipper,Roman,kroman14@google.nl,Male,16.95.39.25
42,Vin,Dermott,vdermott15@xrea.com,Female,12.20.14.209
43,Rosy,Deevey,rdeevey16@bbb.org,Female,187.21.166.207
44,Rhiamon,Mathieu,rmathieu17@51.la,Male,120.51.56.237
45,Ahmad,Dybbe,adybbe18@mac.com,Male,224.40.87.238
46,Wallis,Vittet,wvittet19@senate.gov,Female,38.163.168.202
47,Gert,Favelle,gfavelle1a@soup.io,Female,159.171.247.153
48,Ronnie,Brayley,rbrayley1b@cloudflare.com,Male,168.9.47.221
49,Fan,Ruffli,fruffli1c@w3.org,Female,150.77.145.158
50,Jacquelyn,Weadick,jweadick1d@hubpages.com,Male,222.44.93.235
51,Christie,Tynemouth,ctynemouth1e@wiley.com,Non-binary,161.38.158.219
52,Nelle,Drivers,ndrivers1f@dmoz.org,Bigender,45.113.158.187
53,Virgie,Millthorpe,vmillthorpe1g@usatoday.com,Female,68.152.164.197
54,Mildred,Coysh,mcoysh1h@typepad.com,Bigender,77.186.132.97
55,Bradan,Mealing,bmealing1i@bloomberg.com,Female,29.245.219.95
56,Dannye,Wavish,dwavish1j@loc.gov,Female,64.50.226.147
57,Beale,Etock,betock1k@yandex.ru,Male,64.70.124.104
58,Guilbert,Wasbrough,gwasbrough1l@de.vu,Male,156.222.61.136
59,Nydia,Sibille,nsibille1m@tinyurl.com,Male,31.175.178.244
60,Nannie,Batchelder,nbatchelder1n@sun.com,Female,186.57.185.212
61,Crissy,Ottawell,cottawell1o@dmoz.org,Female,169.111.108.136
62,Basilius,Steinson,bsteinson1p@g.co,Male,159.101.244.33
63,Eveline,Bamford,ebamford1q@ucoz.com,Female,170.205.139.69
64,Valenka,Heersema,vheersema1r@imageshack.us,Male,12.111.151.46
65,Halley,Tennewell,htennewell1s@japanpost.jp,Female,160.70.216.18
66,Juliet,Hoggan,jhoggan1t@free.fr,Female,142.206.251.231
67,Eula,Shilleto,eshilleto1u@de.vu,Female,200.24.45.156
68,Rodolph,Krug,rkrug1v@paypal.com,Female,248.84.97.82
69,Novelia,Hulles,nhulles1w@e-recht24.de,Male,254.98.128.88
70,Roderick,Calcraft,rcalcraft1x@miitbeian.gov.cn,Female,48.132.5.162
71,Petronia,Frossell,pfrossell1y@pinterest.com,Male,178.173.166.103
72,Eleen,Cathenod,ecathenod1z@census.gov,Female,1.171.3.18
73,Erina,Truce,etruce20@sbwire.com,Female,133.228.34.220
74,Ephraim,Goodwill,egoodwill21@amazonaws.com,Female,117.170.49.11
75,Kordula,Raymen,kraymen22@ed.gov,Female,201.111.215.235
76,Whitby,Copozio,wcopozio23@tripod.com,Male,180.240.34.133
77,Jeri,Westwick,jwestwick24@pinterest.com,Female,6.124.49.57
78,Mahalia,Hoult,mhoult25@businessweek.com,Female,4.20.96.218
79,Rodina,Filipchikov,rfilipchikov26@sogou.com,Female,62.64.175.235
80,Joella,Pridgeon,jpridgeon27@odnoklassniki.ru,Female,101.27.253.107
81,Melisa,Baseke,mbaseke28@techcrunch.com,Female,190.6.110.49
82,Beverly,Woodyer,bwoodyer29@typepad.com,Female,60.228.246.89
83,Shannon,Whatley,swhatley2a@walmart.com,Male,67.88.221.126
84,Annamaria,Grzelak,agrzelak2b@techcrunch.com,Male,247.153.162.92
85,Laurence,Colter,lcolter2c@ustream.tv,Bigender,55.63.175.145
86,Tommi,Roelofsen,troelofsen2d@flavors.me,Male,220.58.200.59
87,Luci,Ranshaw,lranshaw2e@usa.gov,Male,221.240.88.151
88,Val,Buey,vbuey2f@webnode.com,Genderfluid,105.41.195.85
89,Ashlie,Willard,awillard2g@msu.edu,Male,172.232.233.112
90,Cyril,Lorrie,clorrie2h@businessinsider.com,Male,8.252.217.168
91,Jemmy,Blunsden,jblunsden2i@fema.gov,Male,87.127.59.150
92,Marlin,Viel,mviel2j@1688.com,Female,92.105.117.247
93,Evin,Guitel,eguitel2k@odnoklassniki.ru,Female,219.48.95.101
94,Nicolle,Girardez,ngirardez2l@slashdot.org,Male,147.116.138.136
95,Claus,Sprosson,csprosson2m@is.gd,Genderfluid,22.46.207.131
96,Ferd,Dugget,fdugget2n@nationalgeographic.com,Male,180.34.57.73
97,Neely,Samweyes,nsamweyes2o@ucoz.ru,Male,171.229.72.0
98,Wynn,Castells,wcastells2p@cnet.com,Male,231.175.235.248
99,Leena,Mattersley,lmattersley2q@berkeley.edu,Bigender,141.182.147.210
100,Sherwin,Buttfield,sbuttfield2r@alexa.com,Male,214.162.99.77
